Codon,Reads
AAA,1890
AAC,1363
AAG,2281
AAT,2009
ACA,1160
ACC,840
ACG,714
ACT,1181
AGA,1100
AGC,613
AGG,287
AGT,625
ATA,457
ATC,1498
ATG,2387
ATT,1703
CAA,1612
CAC,620
CAG,1009
CAT,978
CCA,2258
CCC,253
CCG,747
CCT,561
CGA,826
CGC,486
CGG,383
CGT,999
CTA,427
CTC,1405
CTG,877
CTT,1665
GAA,2637
GAC,1329
GAG,2245
GAT,2556
GCA,1073
GCC,1087
GCG,541
GCT,1999
GGA,2295
GGC,398
GGG,239
GGT,741
GTA,413
GTC,1088
GTG,990
GTT,1432
TAA,0
TAC,961
TAG,0
TAT,965
TCA,1276
TCC,731
TCG,1038
TCT,988
TGA,0
TGC,446
TGG,827
TGT,517
TTA,444
TTC,1922
TTG,1351
TTT,971
